symbol,date,open,high,low,close,volume,earnings_report_pm
AAPL,2026-01-02,272.255000,277.840000,269.000000,271.010000,37838054,0
AAPL,2026-01-05,270.640000,271.510000,266.140000,267.260000,45647190,0
AAPL,2026-01-06,267.000000,267.550000,262.120000,262.360000,52352090,0
AAPL,2026-01-07,263.200000,263.680000,259.810000,260.330000,48309804,0
AAPL,2026-01-08,257.020000,259.290000,255.700000,259.040000,50419337,0
AAPL,2026-01-09,259.075000,260.210000,256.220000,259.370000,39996967,0
AAPL,2026-01-12,259.160000,261.300000,256.800000,260.250000,45263767,0
AAPL,2026-01-13,258.720000,261.810000,258.390000,261.050000,45730847,0
AAPL,2026-01-14,259.490000,261.820000,256.710000,259.960000,40019421,0
AAPL,2026-01-15,260.650000,261.040000,257.050000,258.210000,39388564,0
AAPL,2026-01-16,257.900000,258.900000,254.930000,255.530000,72142773,0
AAPL,2026-01-20,252.730000,254.790000,243.420000,246.700000,80267517,0
AAPL,2026-01-21,248.700000,251.560000,245.180000,247.650000,54641725,0
AAPL,2026-01-22,249.200000,251.000000,248.150000,248.350000,39708340,0
AAPL,2026-01-23,247.320000,249.410000,244.680000,248.040000,41688982,0
AAPL,2026-01-26,251.480000,256.560000,249.800000,255.410000,55969234,0
AAPL,2026-01-27,259.170000,261.950000,258.210000,258.270000,49648271,0
AAPL,2026-01-28,257.650000,258.855000,254.510000,256.440000,41287971,0
AAPL,2026-01-29,258.000000,259.650000,254.410000,258.280000,67253009,1
AAPL,2026-01-30,255.165000,261.899900,252.180000,259.480000,92443408,0
AAPL,2026-02-02,260.030000,270.490000,259.205000,270.010000,73913425,0
AAPL,2026-02-03,269.200000,271.875000,267.610000,269.480000,64394655,0
AAPL,2026-02-04,272.285000,278.950000,272.285000,276.490000,90545710,0
AAPL,2026-02-05,278.130000,279.500000,273.230000,275.910000,52977441,0
AAPL,2026-02-06,277.120000,280.905000,276.925000,278.120000,50453414,0
AAPL,2026-02-09,277.905000,278.200000,271.700000,274.620000,44623396,0
AAPL,2026-02-10,274.885000,275.370000,272.940000,273.680000,34376898,0
AAPL,2026-02-11,274.695000,280.180000,274.450000,275.500000,51931283,0
AAPL,2026-02-12,275.590000,275.720000,260.180000,261.730000,81077229,0
AAPL,2026-02-13,262.010000,262.230000,255.450000,255.780000,56290673,0
AAPL,2026-02-17,258.050000,266.290000,255.540000,263.880000,58469094,0
AAPL,2026-02-18,263.600000,266.820000,262.450000,264.350000,34203337,0
AAPL,2026-02-19,262.600000,264.480000,260.050000,260.580000,30845294,0
AAPL,2026-02-20,258.970000,264.750000,258.160000,264.580000,42070499,0
AAPL,2026-02-23,263.490000,269.430000,263.381000,266.180000,37308155,0
AAPL,2026-02-24,267.860000,274.890000,267.710000,272.140000,47014619,0
AAPL,2026-02-25,271.780000,274.940000,271.050000,274.230000,33714342,0
AAPL,2026-02-26,274.945000,276.110000,270.795000,272.950000,32345114,0
AAPL,2026-02-27,272.810000,272.810000,262.890000,264.180000,72366505,0
AAPL,2026-03-02,262.410000,266.530000,260.200000,264.720000,41827946,0
AAPL,2026-03-03,263.480000,265.560000,260.130000,263.750000,38568921,0
AAPL,2026-03-04,264.650000,266.150000,261.420000,262.520000,39803119,0
AAPL,2026-03-05,260.790000,261.555000,257.250000,260.290000,49658626,0
AAPL,2026-03-06,258.630000,258.770000,254.370000,257.460000,41120042,0
AAPL,2026-03-09,255.690000,261.150000,253.680500,259.880000,38218533,0
AAPL,2026-03-10,257.645000,262.480000,256.950000,260.830000,30590765,0
AAPL,2026-03-11,261.090000,262.130000,259.550000,260.810000,26218927,0
AAPL,2026-03-12,258.660000,258.950000,254.180000,255.760000,40794020,0
AAPL,2026-03-13,255.480000,256.330000,249.520000,250.120000,36929988,0
AAPL,2026-03-16,252.105000,253.885000,249.880000,252.820000,32074209,0
AAPL,2026-03-17,252.955000,255.130000,252.180000,254.230000,32361607,0
AAPL,2026-03-18,252.625000,254.940000,249.000000,249.940000,35757874,0
AAPL,2026-03-19,249.400000,251.830000,247.300000,248.960000,34864082,0
AAPL,2026-03-20,247.975000,249.199900,246.000000,247.990000,88331081,0
AAPL,2026-03-23,253.970000,254.600000,250.280000,251.490000,40546109,0
AAPL,2026-03-24,250.350000,254.825000,249.550000,251.640000,45152288,0
AAPL,2026-03-25,254.095000,255.000000,251.600000,252.620000,28476668,0
AAPL,2026-03-26,252.115000,257.000000,250.770000,252.890000,41796650,0
AAPL,2026-03-27,253.900000,255.493000,248.070000,248.800000,47899998,0
AAPL,2026-03-30,250.070000,250.870000,245.510000,246.630000,39446213,0
AAPL,2026-03-31,247.910000,255.480000,247.101000,253.790000,49598091,0
AAPL,2026-04-01,254.080000,256.180000,253.330000,255.630000,40059432,0
AAPL,2026-04-02,254.200000,256.130000,250.650000,255.920000,31289369,0
AAPL,2026-04-06,256.510000,262.160000,256.460000,258.860000,29329911,0
AAPL,2026-04-07,256.155000,256.200000,245.700000,253.500000,62148008,0
AAPL,2026-04-08,258.450000,259.749900,256.530000,258.900000,41032772,0
AAPL,2026-04-09,259.000000,261.120000,256.070000,260.490000,28121574,0
AAPL,2026-04-10,259.980000,262.190000,259.023123,260.480000,31291473,0
AAPL,2026-04-13,259.730000,260.180000,256.660000,259.200000,36234698,0
AAPL,2026-04-14,259.245000,261.930000,257.190000,258.830000,48370710,0
AAPL,2026-04-15,258.160000,266.560000,257.810000,266.430000,49913510,0
AAPL,2026-04-16,266.800000,267.160000,261.270000,263.400000,43323112,0
AAPL,2026-04-17,266.960000,272.300000,266.720000,270.230000,61436228,0
AAPL,2026-04-20,270.330000,274.275000,270.290000,273.050000,36590169,0
AAPL,2026-04-21,271.500000,272.800000,265.400000,266.170000,50209755,0
AAPL,2026-04-22,267.820000,273.740000,266.870000,273.170000,43249204,0
AAPL,2026-04-23,275.045000,275.770000,271.650000,273.430000,33399639,0
AAPL,2026-04-24,272.755000,273.060000,269.650000,271.060000,38157110,0
AAPL,2026-04-27,266.090000,268.360000,265.070000,267.610000,41466762,0
AAPL,2026-04-28,272.335000,273.230000,268.660000,270.710000,40018940,0
AAPL,2026-04-29,267.550000,271.040000,267.040000,270.170000,30047869,0
AAPL,2026-04-30,270.500000,276.000000,268.140000,271.350000,91848230,1
AAPL,2026-05-01,278.855000,287.220000,278.370000,280.140000,79915442,0
AAPL,2026-05-04,279.655000,280.630000,274.860100,276.830000,46668401,0
AAPL,2026-05-05,276.925000,284.570000,276.501000,284.180000,49311712,0
AAPL,2026-05-06,281.915000,288.030000,281.070000,287.510000,58336072,0
AAPL,2026-05-07,289.270000,292.130000,285.780000,287.440000,45224300,0
AAPL,2026-05-08,290.010000,294.760000,290.000000,293.320000,52692761,0
AAPL,2026-05-11,291.979000,293.880000,290.230000,292.680000,42247285,0
AAPL,2026-05-12,292.560000,295.270000,292.560000,294.800000,45748129,0
AAPL,2026-05-13,293.500000,300.920000,293.500000,298.870000,52684260,0
AAPL,2026-05-14,299.820000,300.450000,295.380000,298.210000,35324922,0
AAPL,2026-05-15,297.900000,303.200000,296.520000,300.230000,54862836,0
AAPL,2026-05-18,300.240000,300.660000,294.910000,297.840000,34482959,0
AAPL,2026-05-19,296.970000,300.510000,296.350000,298.970000,42243561,0
AAPL,2026-05-20,298.180000,302.800000,298.080000,302.250000,38229843,0
AAPL,2026-05-21,301.055000,305.540000,300.400000,304.990000,42965126,0
AAPL,2026-05-22,306.120000,311.400000,305.840000,308.820000,43670223,0
AAPL,2026-05-26,309.560000,311.820000,307.670000,308.330000,48000493,0
AAPL,2026-05-27,308.330000,313.260000,308.300000,310.850000,50430919,0
AAPL,2026-05-28,310.680000,312.800000,309.570000,312.510000,48220390,0
AAPL,2026-05-29,311.775000,315.000000,309.530000,312.060000,70026752,0
AAPL,2026-06-01,309.625000,310.940000,305.020000,306.310000,48849933,0
AAPL,2026-06-02,307.460000,315.450000,306.685000,315.200000,44534716,0
AAPL,2026-06-03,314.175000,316.940000,308.850000,310.260000,50836705,0
AAPL,2026-06-04,313.230000,313.540000,309.650000,311.230000,44869134,0
AAPL,2026-06-05,312.860000,315.170000,307.150000,307.340000,65310502,0
AAPL,2026-06-08,308.739000,317.400000,301.170000,301.540000,77949082,0
AAPL,2026-06-09,300.275000,300.750000,287.780000,290.550000,70108847,0
AAPL,2026-06-10,290.740000,294.750000,287.380000,291.580000,52793266,0
AAPL,2026-06-11,293.720000,297.000000,289.590000,295.630000,42572497,0
AAPL,2026-06-12,296.030000,297.140000,289.620000,291.130000,38784789,0
AAPL,2026-06-15,294.120000,297.780000,291.700000,296.420000,45732573,0
AAPL,2026-06-16,295.245000,300.480000,293.970000,299.240000,39874404,0
AAPL,2026-06-17,300.845000,302.070000,294.360000,295.950000,42745060,0
AAPL,2026-06-18,298.110000,300.570000,295.620000,298.010000,85962201,0
AAPL,2026-06-22,297.310000,302.420000,296.760000,297.010000,44879914,0
AAPL,2026-06-23,297.538000,301.640000,294.180000,294.300000,52010929,0
AAPL,2026-06-24,295.355000,299.700000,292.940000,293.080000,53081859,0
AAPL,2026-06-25,287.400000,288.800000,273.750000,275.150000,107253659,0
AAPL,2026-06-26,275.000000,285.950000,274.210000,283.780000,261775450,0
AAPL,2026-06-29,286.730000,288.369700,279.850000,281.740000,66427002,0
AAPL,2026-06-30,281.170000,289.940000,280.695000,289.360000,65100155,0
AAPL,2026-07-01,293.440000,296.590000,289.195000,294.380000,50164232,0
AAPL,2026-07-02,294.120000,309.420000,293.680000,308.630000,75400626,0
AAPL,2026-07-06,307.360000,314.200000,307.000000,312.660000,53589977,0
AAPL,2026-07-07,315.290000,315.480000,310.150000,310.660000,42490002,0
AAPL,2026-07-08,311.910000,314.820000,307.050000,313.390000,41323480,0
AAPL,2026-07-09,310.510000,316.530000,308.160000,316.220000,48124490,0
AAPL,2026-07-10,314.720000,316.910000,312.170000,315.320000,34132321,0
AAPL,2026-07-13,317.015000,323.450000,315.780000,317.310000,43257804,0
AAPL,2026-07-14,313.760000,316.190000,311.910000,314.860000,36336829,0
GOOG,2026-01-02,317.590000,322.913800,310.650000,315.320000,22043703,0
GOOG,2026-01-05,317.695000,319.250000,315.249000,317.320000,19934019,0
GOOG,2026-01-06,317.310000,321.560000,312.340000,314.550000,18989910,0
GOOG,2026-01-07,314.570000,326.465000,314.500000,322.430000,24681825,0
GOOG,2026-01-08,329.265000,330.540000,321.990000,326.010000,21789614,0
GOOG,2026-01-09,327.490000,331.480000,326.250000,329.140000,17917732,0
GOOG,2026-01-12,326.500000,334.440000,325.510000,332.730000,23893764,0
GOOG,2026-01-13,335.280000,341.200000,334.350000,336.430000,24616700,0
GOOG,2026-01-14,334.985000,337.030000,331.140000,336.310000,17839332,0
GOOG,2026-01-15,338.055000,338.130000,331.290000,333.160000,16424864,0
GOOG,2026-01-16,334.935000,335.239900,328.170000,330.340000,21868624,0
GOOG,2026-01-20,321.240000,328.090000,320.890000,322.160000,27169853,0
GOOG,2026-01-21,321.095000,332.725000,319.540100,328.380000,22791650,0
GOOG,2026-01-22,334.265000,335.210000,328.880000,330.840000,19902110,0
GOOG,2026-01-23,332.655000,334.030000,327.970000,328.430000,19110585,0
GOOG,2026-01-26,328.200000,336.349900,327.490000,333.590000,18502451,0
GOOG,2026-01-27,335.630000,338.215000,333.750000,335.000000,16080924,0
GOOG,2026-01-28,336.610000,337.630000,332.130000,336.280000,17538476,0
GOOG,2026-01-29,340.350000,342.290000,326.720000,338.660000,24548303,0
GOOG,2026-01-30,334.460000,340.290000,332.640000,338.530000,21740202,0
GOOG,2026-02-02,336.550000,345.165000,336.010000,344.900000,22775218,0
GOOG,2026-02-03,348.515000,350.150000,338.590000,340.700000,25786533,0
GOOG,2026-02-04,343.755000,344.250000,329.370000,333.340000,36991086,1
GOOG,2026-02-05,313.200000,332.644000,306.920000,331.330000,51842004,0
GOOG,2026-02-06,327.350000,330.640000,320.150000,323.100000,33877014,0
GOOG,2026-02-09,321.240000,327.740000,317.700000,324.400000,26103255,0
GOOG,2026-02-10,320.910000,321.630000,314.660000,318.630000,25281932,0
GOOG,2026-02-11,318.960000,321.045000,310.130000,311.330000,24008065,0
GOOG,2026-02-12,312.350000,316.480000,308.150000,309.370000,28193962,0
GOOG,2026-02-13,307.985000,308.890000,303.900000,306.020000,20235950,0
GOOG,2026-02-17,300.640000,304.890000,296.900000,302.820000,23750758,0
GOOG,2026-02-18,302.432000,305.910000,301.980000,303.940000,15847701,0
GOOG,2026-02-19,302.520000,306.030000,300.670000,303.560000,13448627,0
GOOG,2026-02-20,304.800000,316.760000,304.420000,314.900000,33663143,0
GOOG,2026-02-23,319.140000,319.455000,309.990000,311.690000,17641176,0
GOOG,2026-02-24,310.640000,312.370000,306.090000,310.920000,15040656,0
GOOG,2026-02-25,312.120000,313.660000,309.360000,313.030000,20209083,0
GOOG,2026-02-26,312.805000,313.000000,302.410000,307.150000,22379980,0
GOOG,2026-02-27,303.940000,312.080000,303.590500,311.430000,33389206,0
GOOG,2026-03-02,302.965000,308.140000,301.060000,306.360000,21854368,0
GOOG,2026-03-03,298.420000,303.940000,296.699400,303.560000,20361131,0
GOOG,2026-03-04,302.685000,305.460000,300.800000,303.450000,20015599,0
GOOG,2026-03-05,303.200000,303.370000,298.070000,300.910000,22643883,0
GOOG,2026-03-06,296.072000,300.330000,295.250000,298.300000,17598003,0
GOOG,2026-03-09,294.135000,306.500000,293.930000,306.010000,19632738,0
GOOG,2026-03-10,305.875000,309.150000,305.310000,306.930000,14386421,0
GOOG,2026-03-11,306.300000,311.069000,305.840000,308.420000,13376677,0
GOOG,2026-03-12,306.210000,308.640000,300.840000,303.210000,15610193,0
GOOG,2026-03-13,306.655000,307.260000,299.780100,301.460000,16857533,0
GOOG,2026-03-16,303.600000,305.570000,301.810000,304.420000,14822047,0
GOOG,2026-03-17,304.670000,310.050000,304.350000,309.410000,14423553,0
GOOG,2026-03-18,307.905000,310.750000,305.545000,306.300000,13848428,0
GOOG,2026-03-19,303.210000,306.680000,301.000000,305.730000,15399724,0
GOOG,2026-03-20,304.070000,304.370000,296.750000,298.790000,34763531,0
GOOG,2026-03-23,300.530000,303.370000,298.030000,299.020000,22204112,0
GOOG,2026-03-24,296.210000,297.100000,288.855000,289.200000,27411194,0
GOOG,2026-03-25,292.150000,294.660000,287.370000,289.590000,22343018,0
GOOG,2026-03-26,286.410000,286.515000,279.050000,280.740000,29281207,0
GOOG,2026-03-27,277.400000,279.090000,273.480000,273.760000,25703300,0
GOOG,2026-03-30,275.440000,276.260000,271.535000,273.140000,22752315,0
GOOG,2026-03-31,277.540000,287.050000,276.760000,286.860000,31625057,0
GOOG,2026-04-01,289.980000,297.985000,289.470000,294.900000,24403551,0
GOOG,2026-04-02,288.990000,295.900000,287.570000,294.460000,13433366,0
GOOG,2026-04-06,294.700000,298.425000,293.790000,297.660000,10121741,0
GOOG,2026-04-07,300.140000,304.100000,295.425000,303.930000,17317708,0
GOOG,2026-04-08,317.830000,319.390000,312.705000,314.740000,20887530,0
GOOG,2026-04-09,313.190000,317.430000,309.470000,316.370000,14606751,0
GOOG,2026-04-10,318.225000,319.500000,314.540000,315.720000,11997647,0
GOOG,2026-04-13,315.420000,319.430000,313.690100,319.210000,12212807,0
GOOG,2026-04-14,322.065000,330.640000,321.150000,330.580000,18557479,0
GOOG,2026-04-15,330.560000,335.000000,328.660000,334.470000,15104096,0
GOOG,2026-04-16,335.850000,337.380000,331.650100,332.770000,13949592,0
GOOG,2026-04-17,334.430000,339.985000,333.290000,339.400000,19683848,0
GOOG,2026-04-20,338.560000,339.160000,334.630000,335.400000,12897265,0
GOOG,2026-04-21,335.585000,337.170000,329.630000,330.470000,14623836,0
GOOG,2026-04-22,334.885000,338.030000,332.960000,337.730000,12954245,0
GOOG,2026-04-23,339.575000,340.160000,335.060000,337.750000,13442135,0
GOOG,2026-04-24,337.720000,343.690000,334.050000,342.320000,18260862,0
GOOG,2026-04-27,343.880000,350.900000,340.810000,348.520000,17443019,0
GOOG,2026-04-28,346.920000,349.900000,344.280000,347.500000,18502342,0
GOOG,2026-04-29,345.480000,353.400000,342.430000,347.310000,22232155,1
GOOG,2026-04-30,371.255000,382.630000,363.090000,381.940000,44570523,0
GOOG,2026-05-01,377.980000,383.390000,375.260000,383.220000,28047873,0
GOOG,2026-05-04,382.320000,384.180000,376.770000,379.640000,18275044,0
GOOG,2026-05-05,381.870000,388.960000,380.350000,384.270000,15432467,0
GOOG,2026-05-06,389.590000,396.380000,387.100000,395.140000,23097346,0
GOOG,2026-05-07,397.060000,397.355000,390.310000,395.300000,15153626,0
GOOG,2026-05-08,394.270000,398.370000,393.670000,397.050000,13762461,0
GOOG,2026-05-11,390.690000,394.330000,386.230000,386.770000,16314946,0
GOOG,2026-05-12,385.000000,386.440000,379.720000,383.820000,17103932,0
GOOG,2026-05-13,381.905000,399.930000,381.580000,399.040000,18160118,0
GOOG,2026-05-14,393.790000,399.104000,392.728000,397.170000,13805371,0
GOOG,2026-05-15,393.215000,395.880000,389.760000,393.320000,15801942,0
GOOG,2026-05-18,392.125000,404.470000,390.900000,393.110000,18592786,0
GOOG,2026-05-19,393.300000,393.362700,383.000000,384.900000,25559382,0
GOOG,2026-05-20,385.040000,390.699900,380.000000,384.900000,16488132,0
GOOG,2026-05-21,382.010000,388.680000,379.480000,383.470000,16837601,0
GOOG,2026-05-22,383.260000,384.870000,378.260000,379.380000,13382786,0
GOOG,2026-05-26,380.995000,385.390000,379.140000,384.840000,16150933,0
GOOG,2026-05-27,382.765000,389.725000,382.000000,384.830000,16893148,0
GOOG,2026-05-28,383.860000,390.000000,381.250000,386.120000,20795414,0
GOOG,2026-05-29,381.225000,381.650000,374.300000,376.430000,48018562,0
GOOG,2026-06-01,372.575000,374.600000,369.710000,372.580000,19091887,0
GOOG,2026-06-02,363.160000,369.789900,355.000000,358.390000,34648621,0
GOOG,2026-06-03,358.335000,362.500000,354.380000,355.680000,43031002,0
GOOG,2026-06-04,355.440000,369.860000,354.800000,369.270000,37746166,0
GOOG,2026-06-05,363.380000,369.200000,361.630000,365.760000,23411519,0
GOOG,2026-06-08,362.485000,363.380000,357.890000,361.170000,18738969,0
GOOG,2026-06-09,364.885000,369.692200,354.720000,362.290000,19873595,0
GOOG,2026-06-10,361.050000,366.310000,352.810000,353.320000,19878635,0
GOOG,2026-06-11,353.050000,358.010000,343.630000,356.560000,28771804,0
GOOG,2026-06-12,361.100000,364.772500,353.340000,358.160000,17657657,0
GOOG,2026-06-15,365.990000,370.650000,364.650000,367.110000,17268649,0
GOOG,2026-06-16,367.465000,373.600000,365.320000,371.100000,16492788,0
GOOG,2026-06-17,367.050000,370.150000,360.230000,362.100000,16003508,0
GOOG,2026-06-18,363.890000,369.000000,356.608200,367.460000,29339118,0
GOOG,2026-06-22,357.135000,358.200000,340.940000,348.780000,32211155,0
GOOG,2026-06-23,340.105000,348.720000,339.715000,346.080000,21820944,0
GOOG,2026-06-24,348.720000,352.830000,341.500000,345.040000,23898376,0
GOOG,2026-06-25,336.920000,343.190000,335.900000,342.190000,27687554,0
GOOG,2026-06-26,340.980000,344.120000,333.690000,334.690000,82484582,0
GOOG,2026-06-29,339.950000,351.970000,338.810000,351.280000,25565726,0
GOOG,2026-06-30,350.960000,355.390000,348.110000,353.330000,21278449,0
GOOG,2026-07-01,354.615000,359.560000,353.230000,357.890000,19546767,0
GOOG,2026-07-02,356.150000,360.990000,350.320000,356.180000,15553221,0
GOOG,2026-07-06,358.195000,365.680000,354.190000,364.900000,22652679,0
GOOG,2026-07-07,367.235000,370.890000,362.420000,363.620000,16443932,0
GOOG,2026-07-08,362.210000,364.980000,354.700000,358.710000,14710424,0
GOOG,2026-07-09,351.085000,356.730000,348.660000,356.240000,17217449,0
GOOG,2026-07-10,354.954000,355.680000,350.700000,355.030000,11618452,0
GOOG,2026-07-13,353.990000,355.750000,349.820000,350.670000,10583514,0
GOOG,2026-07-14,348.840000,357.880000,348.840000,357.330000,11252555,0
MU,2026-01-02,295.125000,315.600000,294.860000,315.420000,42604280,0
MU,2026-01-05,325.130000,325.530000,309.550000,312.150000,34608591,0
MU,2026-01-06,318.280000,344.550000,318.060000,343.430000,48732420,0
MU,2026-01-07,340.710000,346.300000,337.180100,339.550000,32781099,0
MU,2026-01-08,342.900000,343.660000,321.360000,327.020000,33897720,0
MU,2026-01-09,332.745000,345.800000,326.190000,345.090000,33387505,0
MU,2026-01-12,340.550000,348.470000,339.320000,345.870000,23152588,0
MU,2026-01-13,346.270000,351.230000,335.220000,338.130000,23881339,0
MU,2026-01-14,334.840000,339.100000,328.200000,333.350000,20277196,0
MU,2026-01-15,345.325000,347.770000,336.270000,336.630000,25370230,0
MU,2026-01-16,353.100000,365.810000,352.040000,362.750000,47901925,0
MU,2026-01-20,364.680000,381.559900,361.350000,365.000000,49744908,0
MU,2026-01-21,372.850000,394.200000,366.730000,389.110000,56712817,0
MU,2026-01-22,396.640000,397.780000,376.920000,397.580000,39607596,0
MU,2026-01-23,397.160000,412.429900,390.740000,399.650000,35404198,0
MU,2026-01-26,395.500000,398.000000,384.300000,389.090000,29193925,0
MU,2026-01-27,404.610000,416.449900,399.600000,410.240000,36212062,0
MU,2026-01-28,422.435000,438.940000,417.000000,435.280000,42725675,0
MU,2026-01-29,439.370000,444.710000,417.700000,435.790000,42675710,0
MU,2026-01-30,446.465000,455.500000,407.130000,414.880000,51022881,0
MU,2026-02-02,412.180000,442.430000,410.000000,437.800000,37771237,0
MU,2026-02-03,442.160000,442.300000,407.530000,419.440000,42763289,0
MU,2026-02-04,410.590000,413.000000,363.901000,379.400000,58074935,0
MU,2026-02-05,369.620000,390.930000,366.000000,382.890000,38899485,0
MU,2026-02-06,377.965000,396.650000,372.872600,394.690000,37196006,0
MU,2026-02-09,380.690000,391.809900,370.680000,383.500000,31009558,0
MU,2026-02-10,375.990000,382.790000,366.060000,373.250000,35433808,0
MU,2026-02-11,395.385000,414.160000,386.570000,410.340000,48474994,0
MU,2026-02-12,422.250000,438.770000,411.164800,413.970000,45639117,0
MU,2026-02-13,405.190000,420.880000,392.710000,411.660000,33807586,0
MU,2026-02-17,400.950000,413.660000,395.300000,399.780000,28549505,0
MU,2026-02-18,399.500000,427.850000,394.600000,420.950000,32306578,0
MU,2026-02-19,415.810000,420.315000,407.740000,417.350000,21651264,0
MU,2026-02-20,415.180000,430.570000,415.150000,428.170000,29894907,0
MU,2026-02-23,422.310000,431.695000,415.300100,420.970000,25426639,0
MU,2026-02-24,429.220000,436.270000,411.280000,418.010000,33389161,0
MU,2026-02-25,426.500000,436.889900,423.000000,429.000000,27296338,0
MU,2026-02-26,424.840000,434.000000,401.960000,415.560000,35433455,0
MU,2026-02-27,401.810000,417.960000,401.181800,412.370000,28653878,0
MU,2026-03-02,401.470000,417.610000,397.000000,412.670000,30049197,0
MU,2026-03-03,386.550000,390.090000,374.550000,379.680000,39010902,0
MU,2026-03-04,393.635000,407.880000,387.608900,400.770000,32644899,0
MU,2026-03-05,398.600000,404.530000,380.300000,397.050000,29960060,0
MU,2026-03-06,380.140000,391.179900,367.450000,370.300000,34458784,0
MU,2026-03-09,363.960000,390.000000,357.670000,389.320000,35547220,0
MU,2026-03-10,394.010000,415.310000,393.640000,403.110000,33745433,0
MU,2026-03-11,410.770000,422.750000,405.790000,418.690000,30191430,0
MU,2026-03-12,409.995000,413.730000,396.665000,405.350000,31720873,0
MU,2026-03-13,413.750000,429.350000,413.000000,426.130000,39260990,0
MU,2026-03-16,446.160000,454.860000,437.745000,441.800000,43067574,0
MU,2026-03-17,452.535000,462.729900,445.140100,461.690000,43017891,0
MU,2026-03-18,464.760000,471.340000,458.300000,461.730000,58973662,1
MU,2026-03-19,424.970000,457.220000,421.110000,444.270000,74591901,0
MU,2026-03-20,443.915000,449.100000,415.360100,422.900000,64224943,0
MU,2026-03-23,426.145000,444.270000,401.520000,404.350000,54807325,0
MU,2026-03-24,401.280000,404.980000,388.910000,395.530000,44975061,0
MU,2026-03-25,383.000000,388.920000,371.381000,382.090000,55328681,0
MU,2026-03-26,370.020000,374.250000,350.000000,355.460000,54515896,0
MU,2026-03-27,359.860000,368.700000,354.060100,357.220000,45806655,0
MU,2026-03-30,362.660000,362.810000,318.400000,321.800000,73833238,0
MU,2026-03-31,321.670000,337.840000,311.490000,337.840000,73551844,0
MU,2026-04-01,348.905000,377.889900,343.000000,367.850000,74429797,0
MU,2026-04-02,341.340000,366.939900,340.200000,366.240000,51498685,0
MU,2026-04-06,373.800000,385.076800,370.610000,377.760000,41414860,0
MU,2026-04-07,374.125000,379.249900,364.100000,377.580000,40224123,0
MU,2026-04-08,415.130000,416.000000,398.880000,406.730000,49216633,0
MU,2026-04-09,407.610000,423.940000,398.440000,421.510000,43100965,0
MU,2026-04-10,420.290000,423.860000,410.050000,420.590000,36377568,0
MU,2026-04-13,416.470000,426.880000,408.500000,426.560000,37015799,0
MU,2026-04-14,434.350000,465.780000,424.860000,465.660000,52534896,0
MU,2026-04-15,457.625000,463.950000,439.320000,456.230000,40370110,0
MU,2026-04-16,452.960000,462.340000,444.380000,457.230000,33626377,0
MU,2026-04-17,466.850000,470.970000,452.200000,455.070000,33405025,0
MU,2026-04-20,458.250000,464.560000,435.900000,448.420000,32013562,0
MU,2026-04-21,451.320000,457.820000,441.300000,449.380000,27733985,0
MU,2026-04-22,462.930000,491.980000,458.560000,487.480000,45998149,0
MU,2026-04-23,482.280000,493.619900,471.800000,481.720000,38178002,0
MU,2026-04-24,495.915000,506.990000,489.360000,496.720000,35379587,0
MU,2026-04-27,510.560000,531.360000,510.018500,524.560000,41298792,0
MU,2026-04-28,503.540000,518.833300,488.230000,504.290000,44816645,0
MU,2026-04-29,526.000000,531.020000,508.800100,518.460000,36248450,0
MU,2026-04-30,529.740000,535.500000,502.575000,517.160000,36554397,0
MU,2026-05-01,511.780000,545.910000,510.210000,542.210000,40215252,0
MU,2026-05-04,560.600000,592.799000,557.760000,576.450000,46043705,0
MU,2026-05-05,609.775000,651.740000,605.470000,640.200000,64268503,0
MU,2026-05-06,660.370000,667.670000,627.580000,666.590000,55725835,0
MU,2026-05-07,649.830000,683.090000,635.420100,646.630000,47527514,0
MU,2026-05-08,676.450000,747.210000,676.210000,746.810000,65130914,0
MU,2026-05-11,792.980000,818.670000,768.000000,795.330000,70972938,0
MU,2026-05-12,774.700000,782.760000,706.601000,766.580000,73742954,0
MU,2026-05-13,813.155000,814.950000,779.470000,803.630000,54875148,0
MU,2026-05-14,787.620000,812.000000,775.630000,776.010000,42142707,0
MU,2026-05-15,732.570000,749.590000,719.000000,724.660000,48519043,0
MU,2026-05-18,750.460000,757.000000,663.250000,681.540000,60042491,0
MU,2026-05-19,665.580000,725.950000,652.210000,698.740000,61792066,0
MU,2026-05-20,734.955000,735.680000,700.660000,731.990000,48827357,0
MU,2026-05-21,736.360000,764.900000,732.200000,762.100000,42461460,0
MU,2026-05-22,756.815000,780.199900,747.200000,751.000000,36002915,0
MU,2026-05-26,820.500000,916.799900,820.295000,895.880000,76560763,0
MU,2026-05-27,955.660000,956.160000,888.150000,928.410000,72295713,0
MU,2026-05-28,929.830000,949.489900,904.780000,923.520000,49694349,0
MU,2026-05-29,957.000000,981.000000,940.510000,971.000000,60498561,0
MU,2026-06-01,1009.720000,1046.970000,1009.500000,1035.500000,46552116,0
MU,2026-06-02,1050.000000,1076.560000,1017.201000,1064.100000,47555370,0
MU,2026-06-03,1079.010000,1089.290000,1038.500000,1079.570000,40324175,0
MU,2026-06-04,1007.100000,1036.369900,971.680000,996.000000,54917159,0
MU,2026-06-05,944.400000,961.890000,864.010000,864.010000,77250536,0
MU,2026-06-08,938.265000,962.950000,916.500000,949.280000,54097769,0
MU,2026-06-09,988.175000,989.150000,854.350000,935.890000,73448646,0
MU,2026-06-10,905.130000,957.480000,883.250000,891.880000,55712574,0
MU,2026-06-11,904.370000,996.770000,895.500000,995.870000,59418902,0
MU,2026-06-12,971.810000,1012.619800,960.190000,981.610000,40995386,0
MU,2026-06-15,1055.890000,1097.470000,1051.500100,1087.990000,44994605,0
MU,2026-06-16,1099.700000,1110.399900,1020.000000,1020.760000,45499755,0
MU,2026-06-17,1061.300000,1093.670000,1014.140000,1043.190000,46149178,0
MU,2026-06-18,1108.065000,1149.430000,1092.793500,1133.990000,64642538,0
MU,2026-06-22,1196.215000,1213.560000,1168.570000,1211.380000,53140816,0
MU,2026-06-23,1080.000000,1125.000000,1038.500000,1051.770000,60243260,0
MU,2026-06-24,1082.220000,1083.320000,991.100100,1048.510000,68935710,1
MU,2026-06-25,1233.000000,1255.000000,1136.310000,1213.560000,83040960,0
MU,2026-06-26,1139.075000,1198.712100,1121.360000,1132.330000,86405307,0
MU,2026-06-29,1128.700000,1148.790000,1023.650000,1145.280000,60694113,0
MU,2026-06-30,1144.730000,1168.680000,1124.660000,1154.290000,42152627,0
MU,2026-07-01,1082.010000,1097.000000,1032.200000,1032.280000,51328104,0
MU,2026-07-02,1041.500000,1064.640000,950.280000,975.560000,61844373,0
MU,2026-07-06,1007.000000,1019.000000,980.850000,984.750000,37115846,0
MU,2026-07-07,923.010000,942.020000,891.660000,938.380000,52367526,0
MU,2026-07-08,902.640000,959.000000,900.410000,948.800000,42978962,0
MU,2026-07-09,1016.510000,1035.500000,987.130000,991.640000,41110745,0
MU,2026-07-10,964.975000,998.000000,954.130000,979.300000,31768093,0
MU,2026-07-13,929.000000,943.500000,902.600000,937.000000,35536239,0
MU,2026-07-14,988.380000,994.800000,950.070000,983.120000,30835225,0
SNDK,2026-01-02,244.350000,275.799900,244.000000,275.240000,11104314,0
SNDK,2026-01-05,284.220000,285.000000,266.330000,274.080000,9812554,0
SNDK,2026-01-06,288.745000,352.000000,288.500000,349.630000,24249692,0
SNDK,2026-01-07,340.880000,354.935000,331.230000,353.560000,14886066,0
SNDK,2026-01-08,360.730000,360.975000,310.780000,334.540000,21404426,0
SNDK,2026-01-09,341.600000,384.000000,334.540100,377.410000,19353182,0
SNDK,2026-01-12,373.970000,395.160000,373.970000,389.270000,14603923,0
SNDK,2026-01-13,393.200000,398.000000,379.410000,389.810000,10818620,0
SNDK,2026-01-14,390.000000,401.200000,377.000000,387.810000,10862500,0
SNDK,2026-01-15,398.830000,423.350000,398.615000,409.240000,14146567,0
SNDK,2026-01-16,425.590000,432.020000,399.700000,413.620000,15703035,0
SNDK,2026-01-20,412.165000,457.370000,412.165000,453.120000,17872446,0
SNDK,2026-01-21,463.050000,501.950000,448.530000,501.290000,21365036,0
SNDK,2026-01-22,501.290000,509.499300,467.560000,503.440000,20607486,0
SNDK,2026-01-23,503.440000,506.300000,463.010000,473.830000,21061103,0
SNDK,2026-01-26,476.485000,494.700000,454.330000,470.800000,13435182,0
SNDK,2026-01-27,481.005000,503.000000,471.150000,481.430000,14015613,0
SNDK,2026-01-28,500.100000,531.462500,499.150000,527.630000,16486255,0
SNDK,2026-01-29,535.850000,546.750000,507.240000,539.300000,23010338,1
SNDK,2026-01-30,651.230000,676.690000,533.000000,576.250000,40932131,0
SNDK,2026-02-02,588.810000,673.999900,584.100000,665.240000,28765756,0
SNDK,2026-02-03,694.060000,725.000000,646.200000,695.510000,31213232,0
SNDK,2026-02-04,654.000000,662.789900,582.000000,584.550000,29007556,0
SNDK,2026-02-05,563.750000,619.410000,562.100000,576.200000,27725460,0
SNDK,2026-02-06,614.500000,615.360000,575.500000,597.950000,21327302,0
SNDK,2026-02-09,592.165000,603.979900,551.510000,583.400000,15290721,0
SNDK,2026-02-10,573.880000,582.280000,540.140100,541.640000,15903990,0
SNDK,2026-02-11,578.500000,612.800000,575.000000,599.340000,20472745,0
SNDK,2026-02-12,640.550000,668.000000,615.620000,630.290000,23321091,0
SNDK,2026-02-13,610.525000,661.500000,586.370000,626.560000,23640421,0
SNDK,2026-02-17,612.000000,628.650000,588.945000,590.590000,19143171,0
SNDK,2026-02-18,582.490000,616.980000,574.500000,600.400000,25097577,0
SNDK,2026-02-19,597.330000,634.480000,590.100000,621.090000,19601562,0
SNDK,2026-02-20,616.000000,650.290000,615.650000,649.970000,17121933,0
SNDK,2026-02-23,659.590000,691.540000,644.380000,666.490000,18569371,0
SNDK,2026-02-24,682.500000,684.089900,612.920000,638.520000,30408252,0
SNDK,2026-02-25,644.300000,661.200000,624.430000,632.380000,18561484,0
SNDK,2026-02-26,645.740000,659.860000,607.000000,651.900000,23672739,0
SNDK,2026-02-27,627.080000,661.200000,621.270000,635.360000,18208162,0
SNDK,2026-03-02,618.645000,648.800000,597.600100,619.080000,17519881,0
SNDK,2026-03-03,581.640000,593.160000,557.090000,565.410000,20533530,0
SNDK,2026-03-04,586.840000,607.480000,576.300000,599.060000,15614282,0
SNDK,2026-03-05,594.385000,603.530000,559.100000,565.590000,15433609,0
SNDK,2026-03-06,548.250000,570.900000,526.630000,527.330000,16108857,0
SNDK,2026-03-09,517.000000,589.510000,517.000000,588.730000,21205539,0
SNDK,2026-03-10,599.230000,636.580000,595.560000,618.890000,18133169,0
SNDK,2026-03-11,625.950000,655.680000,618.800000,655.430000,15815807,0
SNDK,2026-03-12,647.000000,651.989900,612.210000,618.820000,17284061,0
SNDK,2026-03-13,630.750000,671.670000,623.060000,661.620000,18806850,0
SNDK,2026-03-16,687.520000,719.999900,687.430000,703.630000,19406334,0
SNDK,2026-03-17,716.000000,721.370000,695.120100,720.170000,14782129,0
SNDK,2026-03-18,730.015000,761.520000,715.500000,753.690000,20663115,0
SNDK,2026-03-19,707.150000,776.000000,692.000000,772.090000,21266423,0
SNDK,2026-03-20,772.700000,777.600000,698.350000,709.710000,23508599,0
SNDK,2026-03-23,716.000000,748.780000,678.840000,702.490000,22925063,0
SNDK,2026-03-24,693.690000,711.299900,680.190100,702.480000,14673142,0
SNDK,2026-03-25,651.000000,687.220000,638.000000,677.860000,20618701,0
SNDK,2026-03-26,654.000000,659.659900,602.030000,603.170000,19023849,0
SNDK,2026-03-27,599.750000,638.520000,599.370000,615.830000,16684214,0
SNDK,2026-03-30,642.120000,651.000000,558.582500,572.500000,20501224,0
SNDK,2026-03-31,588.010000,636.319900,578.420000,635.340000,20685041,0
SNDK,2026-04-01,652.290000,710.850000,645.100000,692.730000,22322742,0
SNDK,2026-04-02,642.090000,707.309900,641.000000,701.590000,17443941,0
SNDK,2026-04-06,720.340000,736.000000,711.000000,724.630000,12773714,0
SNDK,2026-04-07,715.700000,738.006400,687.678900,710.800000,14406486,0
SNDK,2026-04-08,784.000000,807.987600,758.190000,780.900000,16898938,0
SNDK,2026-04-09,817.080000,855.000000,805.000000,851.570000,17233648,0
SNDK,2026-04-10,873.950000,873.950000,835.275000,851.770000,13343836,0
SNDK,2026-04-13,867.085000,953.409900,866.950000,952.500000,20234377,0
SNDK,2026-04-14,964.020000,965.000000,902.000100,944.460000,19821454,0
SNDK,2026-04-15,929.865000,937.989900,873.930000,891.720000,16269630,0
SNDK,2026-04-16,896.620000,929.500000,892.510100,919.470000,13851905,0
SNDK,2026-04-17,920.840000,930.500000,886.000100,920.990000,25655697,0
SNDK,2026-04-20,930.970000,951.470000,900.370000,913.020000,11303467,0
SNDK,2026-04-21,927.850000,938.780000,899.200000,903.490000,10245937,0
SNDK,2026-04-22,922.010000,981.061100,895.740000,979.070000,15497424,0
SNDK,2026-04-23,948.545000,978.879900,926.110100,932.430000,12272644,0
SNDK,2026-04-24,954.560000,1002.090000,947.000100,989.900000,11642757,0
SNDK,2026-04-27,1019.645000,1070.660000,1008.880000,1070.200000,13005041,0
SNDK,2026-04-28,1027.600000,1054.220000,980.280000,1002.350000,14119005,0
SNDK,2026-04-29,1070.600000,1102.999900,1060.000000,1064.210000,11350221,0
SNDK,2026-04-30,1112.430000,1115.000000,1076.050000,1096.510000,15088250,1
SNDK,2026-05-01,1059.020000,1189.240000,1048.000000,1187.000000,23126847,0
SNDK,2026-05-04,1222.180000,1275.110000,1205.000000,1255.860000,17852999,0
SNDK,2026-05-05,1289.010000,1418.880000,1286.130100,1406.320000,20668210,0
SNDK,2026-05-06,1437.400000,1439.699900,1337.560000,1409.980000,21114063,0
SNDK,2026-05-07,1379.420000,1400.990000,1292.573900,1339.960000,16243342,0
SNDK,2026-05-08,1394.370000,1564.000000,1391.120000,1562.340000,20567636,0
SNDK,2026-05-11,1586.250000,1600.000000,1514.470000,1547.560000,16516790,0
SNDK,2026-05-12,1492.000000,1508.319900,1367.000000,1452.020000,17138470,0
SNDK,2026-05-13,1512.485000,1513.570000,1404.860000,1447.230000,11618715,0
SNDK,2026-05-14,1394.400000,1453.770000,1362.000000,1382.720000,11213627,0
SNDK,2026-05-15,1321.000000,1426.378000,1315.750000,1407.610000,14011265,0
SNDK,2026-05-18,1431.670000,1440.000000,1277.330000,1333.010000,13904363,0
SNDK,2026-05-19,1289.750000,1392.859900,1278.110000,1383.290000,13309307,0
SNDK,2026-05-20,1437.980000,1444.000000,1366.980000,1392.560000,9141192,0
SNDK,2026-05-21,1377.470000,1546.090000,1377.470000,1542.240000,13746093,0
SNDK,2026-05-22,1520.715000,1528.000000,1473.520100,1478.690000,9657059,0
SNDK,2026-05-26,1535.210000,1641.740000,1520.000000,1589.550000,12919730,0
SNDK,2026-05-27,1645.990000,1658.769900,1528.280000,1589.940000,10394169,0
SNDK,2026-05-28,1596.310000,1697.959900,1560.180000,1641.640000,10004125,0
SNDK,2026-05-29,1682.000000,1708.825500,1641.080000,1694.980000,8751130,0
SNDK,2026-06-01,1731.150000,1804.000000,1686.160000,1761.430000,9681730,0
SNDK,2026-06-02,1750.060000,1772.400000,1708.800000,1716.360000,7093274,0
SNDK,2026-06-03,1736.000000,1861.000000,1708.880000,1831.500000,11884667,0
SNDK,2026-06-04,1741.310000,1825.900000,1725.080000,1759.680000,10518493,0
SNDK,2026-06-05,1678.880000,1681.999900,1514.360000,1559.320000,13288987,0
SNDK,2026-06-08,1634.000000,1694.987500,1602.000000,1642.000000,8189299,0
SNDK,2026-06-09,1700.500000,1802.999900,1536.000100,1646.540000,16221628,0
SNDK,2026-06-10,1624.380000,1764.649900,1590.000000,1643.230000,10362017,0
SNDK,2026-06-11,1672.260000,1895.000000,1665.000000,1881.510000,13759421,0
SNDK,2026-06-12,1890.980000,2021.650000,1865.110000,1980.100000,11964511,0
SNDK,2026-06-15,2101.120000,2119.900000,2021.110000,2107.860000,9156389,0
SNDK,2026-06-16,2134.200000,2167.330000,1980.180000,1991.550000,9588497,0
SNDK,2026-06-17,2074.590000,2074.590000,1938.000000,1958.800000,9182544,0
SNDK,2026-06-18,2044.745000,2191.690000,2029.000000,2184.750000,12178323,0
SNDK,2026-06-22,2293.315000,2354.389900,2251.284900,2273.730000,9977599,0
SNDK,2026-06-23,2007.700000,2059.999900,1949.960000,1963.600000,12868307,0
SNDK,2026-06-24,1987.530000,2021.500000,1861.010100,1914.460000,10421273,0
SNDK,2026-06-25,2238.305000,2347.999000,2092.080000,2335.000000,15030228,0
SNDK,2026-06-26,2169.995000,2256.110000,2063.039000,2090.710000,16867055,0
SNDK,2026-06-29,2090.710000,2090.710000,1895.000000,2050.390000,11250986,0
SNDK,2026-06-30,2109.730000,2280.800000,2070.000000,2273.730000,11454345,0
SNDK,2026-07-01,2085.170000,2129.980000,2002.050000,2032.220000,11056533,0
SNDK,2026-07-02,2043.800000,2052.540000,1693.000000,1745.000000,17346188,0
SNDK,2026-07-06,1828.680000,1837.770000,1713.200000,1744.430000,9164241,0
SNDK,2026-07-07,1619.280000,1638.880000,1485.020000,1617.700000,14530822,0
SNDK,2026-07-08,1591.800000,1734.690000,1590.000000,1727.180000,12048630,0
SNDK,2026-07-09,1835.613000,1952.590000,1801.000000,1858.270000,13359298,0
SNDK,2026-07-10,1778.984000,1946.835000,1773.000000,1915.920000,11022652,0
SNDK,2026-07-13,1792.860000,1800.000000,1646.170100,1673.970000,13900736,0
SNDK,2026-07-14,1807.000000,1812.540000,1711.470000,1757.820000,9630859,0
